"","name","gender","probability","count","country_id"
"1","5","afshid","male",0.8,"all"
"2","31","akiho","female",0.77,"all"
"3","864","alinka","female",1,"all"
"4","1559","andrada","female",0.97,"all"
"5","771","annemieke","female",0.99,"all"
"6","154","assal","female",0.56,"all"
"7","193","asterios","male",0.99,"all"
"8","4326","aysu","female",0.98,"all"
"9","2040","bedirhan","male",0.97,"all"
"10","2","calula","female",1,"all"
"11","5","afshid","male",0.8,"all"
"12","31","akiho","female",0.77,"all"
"13","864","alinka","female",1,"all"
"14","1559","andrada","female",0.97,"all"
"15","771","annemieke","female",0.99,"all"
"16","154","assal","female",0.56,"all"
"17","193","asterios","male",0.99,"all"
"18","4326","aysu","female",0.98,"all"
"19","2040","bedirhan","male",0.97,"all"
"20","2","calula","female",1,"all"
"21","1550","costanza","female",0.97,"all"
"22","1","cunmei","female",1,"all"
"23","41","drai","male",0.8,"all"
"24","46","ebtesam","female",0.98,"all"
"25","68","efthymios","male",0.99,"all"
"26","1","eiluned","female",1,"all"
"27","633","erkki","male",0.97,"all"
"28","143","euler","male",0.98,"all"
"29","14","ewie","female",0.5,"all"
"30","1550","costanza","female",0.97,"all"
"31","1","cunmei","female",1,"all"
"32","41","drai","male",0.8,"all"
"33","46","ebtesam","female",0.98,"all"
"34","68","efthymios","male",0.99,"all"
"35","1","eiluned","female",1,"all"
"36","633","erkki","male",0.97,"all"
"37","143","euler","male",0.98,"all"
"38","14","ewie","female",0.5,"all"
"39","1550","fang","female",0.72,"all"
"40","20640","filipa","female",0.99,"all"
"41","3891","firat","male",0.98,"all"
"42","1098","ga","female",0.51,"all"
"43","870","goncalo","male",0.99,"all"
"44","99","gulce","female",0.96,"all"
"45","130","guro","female",0.59,"all"
"46","640","hauke","male",0.98,"all"
"47","3499","helle","female",0.96,"all"
"48","2776","hi","male",0.71,"all"
"49","1550","fang","female",0.72,"all"
"50","20640","filipa","female",0.99,"all"
"51","3891","firat","male",0.98,"all"
"52","1098","ga","female",0.51,"all"
"53","870","goncalo","male",0.99,"all"
"54","99","gulce","female",0.96,"all"
"55","130","guro","female",0.59,"all"
"56","640","hauke","male",0.98,"all"
"57","3499","helle","female",0.96,"all"
"58","2776","hi","male",0.71,"all"
"59","186","hsin","male",0.59,"all"
"60","53","hyesoo","female",0.91,"all"
"61","63","idit","female",0.94,"all"
"62","5825","imma","female",0.97,"all"
"63","233","ioulia","female",0.97,"all"
"64","467","irune","female",0.99,"all"
"65","2","jiejia","female",0.5,"all"
"66","4636","jochen","male",1,"all"
"67","23","jongwan","male",1,"all"
"68","186","hsin","male",0.59,"all"
"69","53","hyesoo","female",0.91,"all"
"70","63","idit","female",0.94,"all"
"71","5825","imma","female",0.97,"all"
"72","233","ioulia","female",0.97,"all"
"73","467","irune","female",0.99,"all"
"74","2","jiejia","female",0.5,"all"
"75","4636","jochen","male",1,"all"
"76","23","jongwan","male",1,"all"
"77","371","juul","female",0.51,"all"
"78","10","kagari","female",0.9,"all"
"79","398","lassi","male",0.96,"all"
"80","689","lieven","male",0.98,"all"
"81","42","liila","female",0.93,"all"
"82","169","lijun","female",0.55,"all"
"83","143","liming","male",0.71,"all"
"84","2990","liu","male",0.57,"all"
"85","205","marjaana","female",0.92,"all"
"86","371","juul","female",0.51,"all"
"87","10","kagari","female",0.9,"all"
"88","398","lassi","male",0.96,"all"
"89","689","lieven","male",0.98,"all"
"90","42","liila","female",0.93,"all"
"91","169","lijun","female",0.55,"all"
"92","143","liming","male",0.71,"all"
"93","2990","liu","male",0.57,"all"
"94","205","marjaana","female",0.92,"all"
"95","2018","marjolein","female",0.99,"all"
"96","141","marju","female",0.9,"all"
"97","7325","muzaffer","male",0.96,"all"
"98","18","myoungjin","male",0.61,"all"
"99","12","noola","female",0.92,"all"
"100","2018","marjolein","female",0.99,"all"
"101","141","marju","female",0.9,"all"
"102","7325","muzaffer","male",0.96,"all"
"103","18","myoungjin","male",0.61,"all"
"104","12","noola","female",0.92,"all"
"105","12","ozalp","male",0.92,"all"
"106","316","pastora","female",0.98,"all"
"107","3348","petri","male",0.85,"all"
"108","87","petur","male",0.99,"all"
"109","129","psyche","female",0.81,"all"
"110","3724","ragnhild","female",1,"all"
"111","97","rathi","female",0.68,"all"
"112","4","ricieri","male",1,"all"
"113","672","ritva","female",0.98,"all"
"114","12","ozalp","male",0.92,"all"
"115","316","pastora","female",0.98,"all"
"116","3348","petri","male",0.85,"all"
"117","87","petur","male",0.99,"all"
"118","129","psyche","female",0.81,"all"
"119","3724","ragnhild","female",1,"all"
"120","97","rathi","female",0.68,"all"
"121","4","ricieri","male",1,"all"
"122","672","ritva","female",0.98,"all"
"123","27","ryuma","male",1,"all"
"124","327","sabahat","female",0.9,"all"
"125","4","sarig","male",1,"all"
"126","9","scen","male",1,"all"
"127","3","shahaboddin","male",0.67,"all"
"128","3","sherilene","female",1,"all"
"129","1807","siew","female",0.87,"all"
"130","49","simha","female",0.51,"all"
"131","1053","sini","female",0.82,"all"
"132","20","sirke","female",0.8,"all"
"133","27","ryuma","male",1,"all"
"134","327","sabahat","female",0.9,"all"
"135","4","sarig","male",1,"all"
"136","9","scen","male",1,"all"
"137","3","shahaboddin","male",0.67,"all"
"138","3","sherilene","female",1,"all"
"139","1807","siew","female",0.87,"all"
"140","49","simha","female",0.51,"all"
"141","1053","sini","female",0.82,"all"
"142","20","sirke","female",0.8,"all"
"143","270","siw","female",0.94,"all"
"144","51","siyi","female",0.71,"all"
"145","55","sylka","female",0.91,"all"
"146","2607","telmo","male",0.99,"all"
"147","779","tilo","male",0.95,"all"
"148","117","tuire","female",0.94,"all"
"149","1543","tuomas","male",0.99,"all"
"150","230","uzeyir","male",0.97,"all"
"151","270","siw","female",0.94,"all"
"152","51","siyi","female",0.71,"all"
"153","55","sylka","female",0.91,"all"
"154","2607","telmo","male",0.99,"all"
"155","779","tilo","male",0.95,"all"
"156","117","tuire","female",0.94,"all"
"157","1543","tuomas","male",0.99,"all"
"158","230","uzeyir","male",0.97,"all"
"159","5927","vaclav","male",0.99,"all"
"160","1883","veerle","female",0.99,"all"
"161","36","vinoo","male",0.92,"all"
"162","9","waldie","male",0.78,"all"
"163","5","weixia","female",0.8,"all"
"164","3","xiaonuo","female",0.67,"all"
"165","1","yading","male",1,"all"
"166","213","zapata","male",0.92,"all"
"167","4","zeyong","male",1,"all"
"168","5927","vaclav","male",0.99,"all"
"169","1883","veerle","female",0.99,"all"
"170","36","vinoo","male",0.92,"all"
"171","9","waldie","male",0.78,"all"
"172","5","weixia","female",0.8,"all"
"173","3","xiaonuo","female",0.67,"all"
"174","1","yading","male",1,"all"
"175","213","zapata","male",0.92,"all"
"176","4","zeyong","male",1,"all"
